INPUT:hyponym	INPUT:hypernym	INPUT:genitive	OUTPUT:judgement	CONFIDENCE:judgement
автомобиль	автомототранспортная_техника	автомототранспортной_техники	True	99.99%
автомобиль	автотранспортная_техника	автотранспортной_техники	True	99.99%
автомобиль	агрегат	агрегата	True	99.99%
автомобиль	железный_конь	железного_коня	False	77.76%
автомобиль	имущество	имущества	True	99.99%
автомобиль	легковая	легковой	False	68.67%
автомобиль	легковушка	легковушки	False	98.47%
автомобиль	машина	машины	False	98.05%
автомобиль	пдпу	пдпа	False	99.98%
автомобиль	повозка	повозки	True	77.40%
автомобиль	самоходные_машины	самоходных_машиных	True	93.76%
автомобиль	средство_передвижения	средства_передвижений	True	99.99%
автомобиль	тележка	тележки	False	99.85%
автомобиль	техсредство	техсредства	True	99.99%
автомобиль	товар	товара	True	99.99%
автомобиль	тулгри	тулгри	False	99.96%
автор	взрослый	взрослого	True	79.36%
автор	деятель	деятеля	True	99.99%
автор	европеец	европейца	False	99.24%
автор	звонкие_имена	звонких_имён	False	99.76%
автор	имя	имени	False	91.99%
автор	лицо	лица	True	99.99%
автор	люди	людей	True	99.98%
автор	пределами_россии	пределов_россии	False	99.99%
автор	родственник	родственника	False	99.94%
автор	родственники	родственников	False	99.89%
автор	россиянин	россиянина	False	58.04%
автор	создательница	создательницы	True	99.99%
автор	созидательница	созидательницы	False	99.85%
автор	созидатель	созидателя	False	79.73%
автор	филолог[	филолог[	True	77.22%
автор	человек —	человек —	True	99.99%
автор	человек	человека	True	99.98%
анализ	i–ii]	i–ii]	False	99.96%
анализ	взаимопонимание —	взаимопонимание —	False	82.65%
анализ	выяснение	выяснения	True	80.08%
анализ	действие	действия	True	99.01%
анализ	дело	дела	True	51.59%
анализ	деятельности	деятельностей	True	99.30%
анализ	и запоминание	и запоминания	False	96.60%
анализ	изучать	изучающего	True	97.68%
анализ	изучение	изучения	True	99.99%
анализ	изучить	изучившего	True	99.79%
анализ	компоненты_деятельности	компонентов_деятельностей	True	68.05%
анализ	логические_приемы	логических_приёмов	True	97.00%
анализ	метод	метода	True	99.99%
анализ	методика	методики	True	99.99%
анализ	методы	методов	False	63.78%
анализ	мыслительных_операций	мыслительных_операций	True	99.84%
анализ	наблюдение	наблюдения	False	99.17%
анализ	операция	операции	True	62.97%
анализ	определение	определения	True	98.76%
анализ	осмотр	осмотра	True	99.45%
анализ	производство_исследований	производства_исследований	True	81.75%
анализ	структурные_компоненты	структурных_компонентов	True	83.41%
армия	воинские_формирования	воинских_формирований	True	99.90%
армия	гвардия[	гвардия[	False	82.69%
армия	группировка_войск	группировки_войск	False	80.79%
армия	группа_войск	группы_войск	False	99.95%
армия	заведение	заведения	False	92.28%
армия	институт	института	False	99.57%
армия	количество	количества	False	98.33%
армия	контора	конторы	False	99.98%
армия	масса	массы	True	99.92%
армия	ополчение	ополчения	True	92.91%
армия	организация,_учреждение	организации,_учреждения	True	96.67%
армия	отряд	отряда	False	98.28%
армия	род_войск	рода_войск	False	99.95%
армия	рстк	рстк	False	99.99%
армия	сложный_механизм	сложного_механизма	True	98.86%
армия	совокупность	совокупности	True	75.29%
армия	сраеля	сраеля	False	99.98%
армия	структура	структуры	True	99.98%
армия	учреждение	учреждения	True	99.46%
армия	формирование	формирования	True	99.97%
банк	арендующее	арендующего	False	76.84%
банк	государственных_институтов	государственных_институтов	False	84.64%
банк	деньги	денег	False	85.44%
банк	достижение_цивилизации	достижения_цивилизаций	False	97.85%
банк	заведение	заведения	True	99.98%
банк	здание	здания	True	99.98%
банк	игра	игры	False	99.88%
банк	объединений_предприятий	объединений_предприятий	True	87.69%
банк	объект	объекта	True	99.56%
банк	организация	организации	True	99.99%
банк	правэкса	правэкса	False	99.99%
банк	рефинансирующих	рефинансирующих	True	86.54%
банк	страна	страны	False	99.97%
банк	сумма	суммы	False	94.47%
банк	учреждения	учреждений	True	99.98%
банк	финансово-банковское_учреждение	финансово-банковского_учреждения	True	81.65%
банк	финансовый	финансового	True	99.99%
банк	финансовых_учреждений	финансовых_учреждений	True	99.99%
берег	берега	берегов	False	98.32%
берег	земля	земли	True	99.99%
берег	имущество	имущества	False	99.97%
берег	краевой	краевого	False	98.32%
берег	краешек	краешка	True	84.73%
берег	край,_кромка	края,_кромки	True	99.62%
берег	кромка	кромки	True	99.88%
берег	место	места	True	99.99%
берег	подрусловый	подруслового	False	83.35%
берег	построек_деревни	построек_деревень	False	99.82%
берег	случая_я	случая_меня	False	99.99%
берег	среда	среды	True	99.45%
берег	стороны	сторон	False	76.74%
берег	сторона	стороны	False	78.27%
берег	судно, судну	судна	False	99.99%
берег	таготча	таготча	False	99.98%
берег	тропических_деревьев	тропических_дерев	False	99.99%
берег	цветущих_деревьев	цветущих_дерев	False	99.99%
берег	элемент	элемента	False	99.13%
берег	якобстада	якобстад	False	99.93%
бог	библейский_рассказ_о_том	библейского_рассказа_о_тома	False	99.27%
бог	высший_разум	высочайшего_разума	True	99.99%
бог	глупость	глупости	False	99.73%
бог	животное	животного	False	99.99%
бог	источника_силы	источника_сил	True	99.54%
бог	лицо	лица	False	94.24%
бог	мастер	мастера	True	88.96%
бог	мужчина	мужчины	False	68.40%
бог	наименование	наименования	False	84.08%
бог	огромного_источника_силы	огромного_источника_сил	False	99.62%
бог	панорама	панорамы	False	99.82%
бог	персонаж	персонажа	True	99.98%
бог	рассказ_о_том	рассказа_о_тома	False	99.86%
бог	сверхъестественная_сущность	сверхъестественной_сущности	True	99.99%
бог	служить	служащего	False	99.98%
бог	статуя	статуи	False	99.35%
бог	существа	существ	True	99.89%
бог	существо, —	существо, —	True	79.73%
бог	существо…	существо…	True	56.92%
бог	человек	человека	False	97.85%
бог	чудовище	чудовища	False	99.99%
большинство	баран	барана	False	99.99%
большинство	законов_природы	законов_природ	False	99.82%
большинство	национальными_силами	национальных_сил	True	93.77%
большинство	окаменелость	окаменелости	False	99.99%
большинство	склад, склада	склада	False	99.85%
большинство	составная_часть	составной_части	True	98.27%
большинство	тощая_жирафа	тощей_жирафы	False	99.99%
борьба	апартеидом…	апартеидом…	False	99.98%
борьба	битва	битвы	True	99.99%
борьба	вид_спорта	вида_спорта	True	99.99%
борьба	волшебные_слова	волшебных_слов	False	99.99%
борьба	дело	дела	True	99.36%
борьба	завоевание[	завоевание[	True	99.93%
борьба	клишированные_истории	клишированных_историй	False	99.77%
борьба	контрмера	контрмеры	True	80.53%
борьба	необольшевистская	необольшевистской	False	98.94%
борьба	отвратительными_зрелищами	отвратительных_зрелищ	True	93.85%
борьба	перепалка	перепалки	True	72.35%
борьба	подчиненн^хх	подчиненн^хх	False	99.98%
борьба	попытаться	попытавшегося	False	99.98%
борьба	попытка	попытки	True	80.53%
борьба	проба_пера	пробы_пера	False	99.95%
борьба	противодействие	противодействия	True	99.99%
борьба	пытаться,_стараться	пытающегося,_старающегося	False	99.98%
борьба	разлад	разлада	True	99.62%
борьба	сам^хх	сам^хх	False	99.98%
борьба	состязание	состязания	True	99.98%
борьба	спорт, спорта	спорта	True	99.99%
борьба	сражение	сражения	True	99.99%
борьба	столкновение	столкновения	True	98.62%
борьба	стычка	стычки	True	98.21%
борьба	схватка	схватки	True	99.99%
борьба	трудиться	трудящегося	False	99.99%
брат	близкие_родственники, близких_родственников	близких_родственников	True	99.99%
брат	должностное_лицо	должностного_лица	True	69.54%
брат	единомышленник	единомышленника	False	74.39%
брат	коммандитист	коммандитиста	False	99.99%
брат	многочисленные_родственники	многочисленных_родственников	True	99.98%
брат	монах	монаха	True	88.09%
брат	отчинник	отчинника	False	99.95%
брат	племянник	племянника	True	69.78%
брат	разумной_жизни	разумной_жизней	False	99.98%
брат	родич	родича	True	99.99%
брат	родственник…	родственник…	True	99.99%
брат	сын	сына	True	85.74%
брат	троюродный	троюродного	True	60.06%
брат	человек	человека	True	99.99%
бумага	бумажная_продукция	бумажной_продукции	True	98.37%
бумага	документ	документа	True	94.24%
бумага	лесобумажная_продукция	лесобумажной_продукции	True	99.99%
бумага	материал, —	материал, —	True	99.99%
бумага	материал	материала	True	99.99%
бумага	материалы	материалов	True	99.99%
бумага	материал…	материал…	True	99.99%
бумага	мелочи	мелочей	False	99.99%
бумага	подобных_товаров	подобных_товаров	False	96.69%
бумага	природными_ресурсами	природных_ресурсов	False	95.30%
бумага	растение	растения	True	69.54%
бумага	рукопись	рукописи	False	99.94%
бумага	сыть	сыти	False	99.99%
бумага	текст	текста	False	99.97%
бумага	упаковочные_материалы	упаковочных_материалов	True	99.99%
бумага	целлюлознобумажный	целлюлознобумажного	True	99.99%
вариант	видоизменение	видоизменения	False	96.69%
вариант	воздействие	воздействия	False	99.63%
вариант	возможность	возможности	True	99.91%
вариант	действие	действия	False	88.23%
вариант	изменение	изменения	False	96.69%
вариант	искажение	искажения	False	95.87%
вариант	культура	культуры	False	99.78%
вариант	наличие	наличия	True	89.71%
вариант	параметр	параметра	False	96.69%
вариант	перемещение	перемещения	False	99.86%
вариант	предмет	предмета	False	99.99%
вариант	признак	признака	False	99.93%
вариант	произведение	произведения	True	68.29%
вариант	разновидность	разновидности	True	87.42%
вариант	разнообразие	разнообразия	True	76.92%
вариант	редакция	редакции	False	98.19%
вариант	свойство	свойства	False	93.27%
вариант	серия#	серия#	False	99.99%
вариант	фактор	фактора	False	95.07%
вариант	характеристика	характеристики	False	98.33%
век	внутреннему_убранству	внутреннего_убранства	False	99.99%
век	временной_отрезок	временного_отрезка	True	98.43%
век	годовщина	годовщины	True	89.08%
век	достопримечательности	достопримечательностей	False	99.99%
век	животных_конца	животных_конца	False	99.99%
век	интервал_времени	интервала_времени	True	98.62%
век	интервальный	интервального	True	99.72%
век	конец	конца	False	99.98%
век	мелочь	мелочи	False	99.99%
век	много	многа	True	63.52%
век	момент	момента	True	89.08%
век	огромной_женщины_с	огромной_женщин_с	False	99.99%
век	отрезок_времени	отрезка_времени	True	99.99%
век	период	периода	True	99.99%
век	предмет	предмета	False	98.16%
век	промежуток_времени	промежутка_времени	True	99.99%
век	суперконтинентального	суперконтинентального	False	99.99%
век	тагмозиса	тагмозиса	False	99.85%
век	фанерозою	фанерозы	False	98.42%
век	ценность	ценности	False	99.93%
век	эпоха	эпохи	True	99.99%
вера	антицелостность	антицелостности	False	99.62%
вера	глубинными_состояниями_ума	глубинных_состояний_ума	True	99.99%
вера	добродетель	добродетели	False	54.73%
вера	имя	имени	True	99.99%
вера	мировоззрение	мировоззрения	True	99.99%
вера	мировоззренческий	мировоззренческого	True	98.11%
вера	мироощущение	мироощущения	True	99.41%
вера	миропонимание	миропонимания	True	99.99%
вера	мысль	мысли	True	98.72%
вера	мышление	мышления	True	98.58%
вера	поток_мыслей	потока_мыслей	False	97.81%
вера	сверхнародная	сверхнародной	False	94.29%
вера	состояниями_ума	состояний_ума	True	88.20%
вера	убеждения,_взгляды	убеждений,_взглядов	True	99.99%
вера	убежденность	убеждённости	True	99.99%
вера	уверенность	уверенности	True	99.99%
вера	учение	учения	False	88.05%
вера	фактор	фактора	True	54.42%
вера	феномен	феномена	False	96.15%
вера	ценность	ценности	True	99.99%
вера	церковь	церкви	True	63.52%
вера	элементы_самочувствия_артиста	элементов_самочувствий_артиста	False	95.75%
вера	эмоция	эмоции	False	81.72%
вечер	временной_отрезок	временного_отрезка	True	97.40%
вечер	интервал_времени	интервала_времени	True	97.71%
вечер	клубной_работы	клубной_работ	False	99.99%
вечер	культурные_мероприятия	культурных_мероприятий	True	99.99%
вечер	мероприятия	мероприятий	True	99.67%
вечер	ограничи­валось	ограничи­вавшегося	False	99.96%
вечер	певчие_существа	певчих_существ	False	98.77%
вечер	подарка_харлея	подарка_харлея	False	99.99%
вечер	полумрак	полумрака	True	77.53%
вечер	промежуток_времени	промежутка_времени	True	99.99%
вечер	развлечений	развлечений	True	83.34%
вечер	санинизм	санинизма	False	99.98%
вечер	случай	случая	False	99.92%
вечер	собрание	собрания	True	86.45%
вечер	этап	этапа	True	87.77%
вещь	аспект	аспекта	False	99.41%
вещь	вздор	вздора	False	99.99%
вещь	еда	еды	True	63.52%
вещь	кушанье	кушанья	True	54.39%
вещь	материал	материала	True	74.18%
вещь	мебель	мебели	True	98.45%
вещь	наука	науки	False	97.42%
вещь	нечто	нечто	False	93.65%
вещь	объект	объекта	True	89.12%
вещь	пища	пищи	True	63.52%
вещь	платье	платья	True	82.96%
вещь	пожитки	пожитков	True	99.96%
вещь	предмет	предмета	True	89.74%
вещь	произведение	произведения	False	99.93%
вещь	растение	растения	False	99.84%
вещь	результат	результата	False	98.75%
вещь	творение	творения	True	98.21%
вещь	фактор	фактора	False	99.83%
вещь	физический_объект	физического_объекта	True	89.12%
вещь	явление	явления	False	99.85%
взгляд	выражение	выражения	True	99.97%
взгляд	деталь	детали	False	99.98%
взгляд	деятельность	деятельности	True	63.52%
взгляд	документ	документа	False	99.99%
взгляд	кактус	кактуса	False	99.76%
взгляд	конкретного_мужчину	конкретного_мужчины	False	85.69%
взгляд	ксива	ксивы	False	88.85%
взгляд	курс	курса	False	96.31%
взгляд	мелкие_признаки	мелких_признаков	False	85.65%
взгляд	мелочи	мелочей	False	99.99%
взгляд	мистическая, –	мистическая, –	False	99.92%
взгляд	мнение	мнения	True	99.75%
взгляд	направление_в_пространстве	направления_в_пространства	True	76.98%
взгляд	направленность	направленности	True	99.83%
взгляд	образ	образа	True	75.69%
взгляд	орган	органа	False	99.99%
взгляд	положение,_тезис	положения,_тезиса	False	99.96%
взгляд	признак	признака	False	97.03%
взгляд	сознание	сознания	True	86.19%
взгляд	способность	способности	True	97.32%
взгляд	суждение	суждения	False	99.86%
взгляд	трудноуловимым_признакам	трудноуловимого_признаков	False	99.99%
вид	биометрический_паспорт	биометрического_паспорта	False	99.92%
вид	вариант	варианта	False	99.88%
вид	вариация	вариации	False	99.93%
вид	вид, —	вид, —	False	97.03%
вид	вид…	вид…	False	99.91%
вид	грамматическая_категория	грамматической_категории	False	87.12%
вид	дисморфия	дисморфия	False	99.99%
вид	документ	документа	False	69.55%
вид	зрелище	зрелища	True	99.62%
вид	излучение	излучения	False	99.29%
вид	изображение	изображения	True	99.79%
вид	качество	качества	True	99.95%
вид	мероприятие	мероприятия	False	99.94%
вид	нотовид	нотовида	False	99.99%
вид	облик	облика	True	99.95%
вид	общественно–географическое	общественно–географического	False	99.99%
вид	отрешенный	отрешённого	False	98.80%
вид	плечо	плеча	False	99.82%
вид	пособие	пособия	False	99.92%
вид	предложение	предложения	False	79.42%
вид	предмет	предмета	True	89.26%
вид	признак	признака	True	89.26%
вид	приём	приёма	False	99.76%
вид	рефлексированное	рефлексированного	False	99.97%
вид	свидетельство	свидетельства	False	88.46%
вид	свойство,_характеристика	свойства,_характеристики	True	69.53%
вид	сзади	сзади	True	89.26%
вид	состояние	состояния	False	99.83%
вид	фактор	фактора	False	77.31%
вид	форма	формы	True	98.78%
вид	эгосистемы	эгосистем	False	99.28%
вид	энергия	энергии	False	99.99%
власть	антицелостность	антицелостности	False	99.76%
власть	благо	блага	False	97.47%
власть	величина	величины	False	99.57%
власть	влияние	влияния	True	99.96%
власть	вправе	вправе	False	99.95%
власть	духовно–психологический	духовно–психологического	False	99.30%
власть	килхейдхеером	килхейдхеера	False	99.98%
власть	котор^гх	котор^гх	False	99.99%
власть	лицо	лица	False	96.77%
власть	мелочь	мелочи	False	99.98%
власть	мононокенону	мононокеноны	False	99.88%
власть	олимполис	олимполиса	False	99.99%
власть	орган	органа	False	69.34%
власть	организация	организации	False	68.57%
власть	показатель	показателя	False	98.34%
власть	социальным_благам	социальных_благ	True	70.83%
власть	таксономическая_категория	таксономической_категории	False	84.00%
власть	хэлльцев	хэлльцев	False	99.99%
власть	ценности	ценностей	False	93.75%
власть	юридическое_право	юридического_права	True	71.16%
внимание	дело	дела	False	99.99%
внимание	коммуникативного_поведения	коммуникативного_поведений	True	93.75%
внимание	личные_отношения	личных_отношений	True	84.83%
внимание	межчеловеческий	межчеловеческого	False	72.67%
внимание	мелочи	мелочей	False	99.89%
внимание	мелочь	мелочи	False	99.76%
внимание	отношения_между_конкретными_людьми	отношений_между_конкретных_людей	True	99.99%
внимание	персональные_отношения	персональных_отношений	True	75.05%
внимание	припи­сывают	припи­сывающих	False	99.76%
внимание	психического_процесса	психического_процесса	True	99.78%
внимание	сосредоточенность	сосредоточенности	True	90.38%
внимание	убеждением,	убеждения,	False	99.96%
внимание	угодничество	угодничества	True	68.20%
внимание	устремленность	устремлённости	False	71.26%
внимание	функция	функции	False	86.49%
внимание	ценность	ценности	False	99.07%
внимание	чувство	чувства	True	92.52%
внимание	элемент	элемента	False	98.56%
внимание	эмоция	эмоции	True	72.54%
вода	безалкогольные_напитки	безалкогольных_напитков	True	99.99%
вода	бухало	бухавшего	False	99.99%
вода	бухло	бухнувшего	False	99.99%
вода	жидкое_вещество	жидкого_вещества	True	99.69%
вода	жидкость	жидкости	True	99.99%
вода	коммунальные_услуги	коммунальных_услуг	True	99.99%
вода	масса	массы	True	96.58%
вода	материал	материала	True	50.15%
вода	мелочь	мелочи	False	99.99%
вода	несодержащий_алкоголь	несодержащего_алкоголя	True	99.96%
вода	отстоенная	отстоенной	False	99.88%
вода	пассивирует	пассивировавшего	False	99.99%
вода	питие	пития	True	99.99%
вода	плотной_среде	плотной_среды	False	98.25%
вода	полраковины	полраковин	False	99.99%
вода	природные_ресурсы, природными_ресурсами	природных_ресурсов	True	99.99%
вода	растворитель	растворителя	True	99.97%
вода	слабоалкогольный_напиток	слабоалкогольного_напитка	False	98.19%
вода	стихия	стихии	True	99.99%
вода	товар	товара	True	99.99%
вода	хлорировалась	хлорировавшейся	False	91.07%
вода	элемент	элемента	False	50.37%
воздух	аэромилиции	аэромилиций	False	86.85%
воздух	газ	газа	True	99.99%
воздух	газообразный_компонент	газообразного_компонента	True	97.48%
воздух	необходимые_продукты	необходимых_продуктов	True	90.52%
воздух	подщелачивается	подщелачивающегося	False	99.97%
воздух	прекрасных_птиц	прекрасных_птиц	False	99.98%
воздух	пространство	пространства	True	99.98%
воздух	сводовый	сводового	False	99.20%
воздух	смесь	смеси	True	94.45%
воздух	смешение	смешения	False	85.12%
воздух	среда	среды	True	99.98%
воздух	убиквитет	убиквитета	False	99.96%
воздух	условие	условия	False	87.23%
воздух	фактор	фактора	False	99.64%
воздух	человек	человека	False	99.99%
воздух	элемент	элемента	False	99.19%
возможность	безконтрольность	безконтрольности	False	98.87%
возможность	величина	величины	False	97.52%
возможность	возможно	возможно	False	99.99%
возможность	высказывание	высказывания	False	99.99%
возможность	качествующее	качествующего	False	99.90%
возможность	наличие	наличия	True	99.98%
возможность	наука	науки	False	99.99%
возможность	обстоятельство,_фактор	обстоятельства,_фактора	True	99.07%
возможность	осуществимость	осуществимости	True	99.98%
возможность	оценочная_характеристика	оценочной_характеристики	False	52.67%
возможность	редакция	редакции	False	99.99%
возможность	сопутствующее_обстоятельство	сопутствующего_обстоятельства	True	62.56%
возможность	существенное_обстоятельство	существенного_обстоятельства	False	98.63%
возможность	утверждение	утверждения	False	99.95%
возможность	фактор	фактора	False	98.19%
война	антагонизм[	антагонизм[	False	99.93%
война	атака	атаки	True	72.54%
война	бедствие	бедствия	True	99.98%
война	беда	беды	True	99.99%
война	борьба	борьбы	True	99.73%
война	веселом_деле	весёлого_дела	False	99.99%
война	военный_конфликт	военного_конфликта	True	99.98%
война	вооруженная_борьба	вооружённой_борьбы	True	99.99%
война	грозные_события	грозных_событий	True	99.99%
война	дело	дела	False	95.50%
война	итог—	итог—	False	99.99%
война	катаклизм	катаклизма	True	99.90%
война	катастрофа	катастрофы	True	99.90%
война	конец_уже_после	конца_ужа_посла	False	99.99%
война	междоусобица	междоусобицы	True	99.99%
война	междоусобная	междоусобной	True	99.83%
война	несчастье	несчастья	True	99.92%
война	побочные_эффекты	побочных_эффектов	False	99.95%
война	противоречие	противоречия	True	99.99%
война	распря	распри	False	98.47%
война	славного_начинания	славного_начинаний	False	99.99%
война	смута	смуты	True	50.03%
война	события	событий	True	99.99%
война	событие	события	True	99.89%
война	соци­альное	соци­ального	True	53.39%
война	спор	спора	False	84.54%
война	трагедия	трагедии	True	99.99%
вопрос	атмосфера	атмосферы	False	99.99%
вопрос	выражение	выражения	True	68.20%
вопрос	высказывание	высказывания	True	99.99%
вопрос	дело	дела	False	99.99%
вопрос	дисциплина	дисциплины	False	99.99%
вопрос	знак_пунктуации	знака_пунктуаций	True	77.08%
вопрос	климат	климата	False	99.99%
вопрос	наука	науки	False	99.99%
вопрос	неизвестность	неизвестности	True	99.95%
вопрос	область	области	False	99.98%
вопрос	обращение	обращения	True	99.99%
вопрос	обстоятельства,_обстановка,_условия	обстоятельств,_обстановки,_условий	False	99.10%
вопрос	обстоятельство	обстоятельства	False	99.72%
вопрос	пожелание	пожелания	True	72.54%
вопрос	положение	положения	False	99.99%
вопрос	предмет	предмета	False	99.98%
вопрос	речевой_акт	речевого_акта	True	99.99%
вопрос	состав	состава	False	99.99%
вопрос	страсть	страсти	False	99.97%
вопрос	требование	требования	False	99.99%
вопрос	условие	условия	False	99.91%
вопрос	утверждение	утверждения	False	99.89%
врач	биорадиолог	биорадиолога	False	99.41%
врач	доктор	доктора	True	98.96%
врач	докторша	докторши	True	85.54%
врач	ле­карство	ле­карства	False	99.94%
врач	лекарство	лекарства	False	99.77%
врач	лицо	лица	True	99.84%
врач	медичка	медички	False	92.15%
врач	прописывавшие	прописывавших	True	70.37%
врач	профессия	профессии	True	99.99%
врач	сонолог	сонолога	False	99.99%
врач	стимуляцию, –	стимуляцию, –	False	99.97%
врач	фельдшер	фельдшера	False	98.53%
время	арлесхайма	арлесхайма	False	99.99%
время	атмосфера	атмосферы	False	99.99%
время	воеходит	воеходящего	False	99.82%
время	диссимметрия —	диссимметрия —	False	99.99%
время	длительность	длительности	True	99.99%
время	искусного_мага	искусного_мага	False	99.53%
время	качество	качества	False	99.49%
время	климат	климата	False	99.99%
время	кремации[	кремации[	False	99.99%
время	мелочи	мелочей	False	99.97%
время	мелочь	мелочи	False	99.99%
время	мера	меры	True	99.45%
время	момент	момента	False	78.15%
время	обраща­ют	обраща­юта	False	99.95%
время	обстоятельства_совершения_преступления	обстоятельств_совершений_преступлений	True	99.99%
время	обстоятельство	обстоятельства	True	99.99%
время	отрезок	отрезка	True	98.93%
время	период	периода	True	50.50%
время	пора	поры	False	67.60%
время	признак	признака	True	75.56%
время	промежуток	промежутка	True	50.50%
время	расы_были	рас_былей	False	99.99%
время	роскоши	роскошей	False	99.93%
время	роскошь	роскоши	False	99.97%
время	свойство	свойства	False	87.79%
время	существования_материи	существований_материй	False	99.69%
время	условие	условия	False	86.37%
время	финитное	финитноя	False	99.97%
время	характеристика	характеристики	True	72.39%
время	часы	часов	True	85.26%
встреча	высоорганизованных	высоорганизованных	False	99.98%
встреча	выступление	выступления	False	83.05%
встреча	движение	движения	True	99.29%
встреча	действие	действия	True	99.99%
встреча	диалог	диалога	False	99.80%
встреча	дисциплина	дисциплины	False	99.99%
встреча	изменение	изменения	False	99.96%
встреча	испытание	испытания	False	99.87%
встреча	конкуренция	конкуренции	False	99.99%
встреча	конкурировать	конкурирующего	False	99.99%
встреча	мероприятий, мероприятия	мероприятий	True	99.99%
встреча	на_подходе	на_подхода	False	99.44%
встреча	наука	науки	False	99.87%
встреча	общение	общения	True	99.52%
встреча	официальных_мероприятиях	официальных_мероприятий	True	99.99%
встреча	подобных_мероприятиях	подобных_мероприятий	True	99.93%
встреча	празднество	празднества	True	97.75%
встреча	праздник	праздника	True	99.91%
встреча	празднование	празднования	True	99.99%
встреча	предмет	предмета	False	99.97%
встреча	приближение	приближения	True	74.84%
встреча	прием	приёма	True	93.45%
встреча	происшествие	происшествия	True	99.60%
встреча	развлечение	развлечения	True	93.99%
встреча	разговор	разговора	False	62.89%
встреча	собрание	собрания	True	99.99%
встреча	событие	события	True	99.99%
встреча	совещание	совещания	True	99.99%
встреча	соперничать	соперничающего	False	99.99%
встреча	соревнование,_состязание	соревнования,_состязания	True	98.72%
встреча	состязание	состязания	False	78.29%
встреча	столкновение	столкновения	False	93.08%
встреча	элементов_outlook	элементов_outlook	False	99.99%
встреча	ятрогения	ятрогения	False	72.59%
газета	издание	издания	True	99.99%
газета	материал	материала	True	95.80%
газета	периодическая_печатная_продукция	периодической_печатной_продукции	True	99.99%
газета	предприятие	предприятия	False	99.99%
газета	произведение	произведения	False	71.61%
газета	сми	сми	True	99.99%
газета	сочинение	сочинения	False	95.29%
газета	средство_массовой_информации	средства_массовой_информаций	True	99.99%
герой	божествами_о_гневе_небес	божеств_о_гнева_небес	False	99.82%
герой	воин	воина	True	87.34%
герой	выражение	выражения	False	99.95%
герой	имя	имени	False	99.99%
герой	культурных_растений	культурных_растений	False	99.99%
герой	лицо	лица	False	86.65%
герой	личность	личности	True	99.99%
герой	людей, люди	людей	True	99.99%
герой	мелочью	мелочи	False	99.95%
герой	мужчина	мужчины	True	99.99%
герой	образ	образа	True	99.99%
герой	образец	образца	True	84.61%
герой	особа	особы	True	98.11%
герой	персонаж	персонажа	True	99.99%
герой	персона	персоны	True	97.60%
герой	посёлок	посёлка	False	99.99%
герой	рыцарь	рыцаря	False	81.27%
герой	художественные_средства	художественных_средств	False	78.45%
герой	че­ловек	че­ловека	True	99.99%
герой	человек, —	человек, —	True	99.99%
герой	человек —	человек —	True	99.92%
герой	человек	человека	True	99.99%
герой	человеческая_личность	человеческой_личности	True	99.21%
глава	авторитетному_человеку	авторитетного_человека	True	98.96%
глава	бумага	бумаги	False	99.93%
глава	валюта	валюты	False	76.53%
глава	верх	верха	False	88.28%
глава	вождями	вождей	False	88.28%
глава	денежная_единица	денежной_единицы	True	98.07%
глава	еще	еще	False	99.82%
глава	жанр	жанра	True	82.53%
глава	заместитель	заместителя	False	98.45%
глава	купол	купола	True	77.60%
глава	личность	личности	False	97.23%
глава	личностный	личностного	False	97.23%
глава	люди	людей	True	99.38%
глава	материал	материала	False	99.89%
глава	недвижимое_имущество	недвижимого_имущества	False	99.99%
глава	образованнейшего_человека	образованнейшего_человека	False	99.93%
глава	основные_постановления	основных_постановлений	True	65.80%
глава	подраздел	подраздела	True	70.16%
глава	пустячных_ограничениях	пустячных_ограничений	False	99.99%
глава	раздел_текста	раздела_текста	True	99.14%
глава	руководитель	руководителя	True	99.99%
глава	состав	состава	False	82.03%
глава	сотрудник	сотрудника	False	98.79%
глава	сторона	стороны	False	99.42%
глава	текст	текста	True	99.40%
глава	только	только	False	99.99%
глава	точка	точки	False	64.46%
глава	фигура	фигуры	False	99.93%
глава	фрагмент	фрагмента	False	75.43%
глава	чело­век	чело­века	False	69.61%
глава	человек, —	человек, —	True	99.99%
глава	человек —	человек —	True	79.53%
глава	человек	человека	True	99.02%
глава	элемент{	элемент{	False	95.69%
глаз	вытянутой_шеи	вытянутой_шей	False	99.99%
глаз	деформации,	деформаций,	False	99.97%
глаз	деятельность	деятельности	False	99.99%
глаз	зрачок	зрачка	False	99.37%
глаз	колдовство	колдовства	False	99.96%
глаз	ксива	ксивы	False	99.99%
глаз	лампочка	лампочки	False	99.99%
глаз	лампа	лампы	False	99.99%
глаз	мелочь	мелочи	False	99.99%
глаз	надзор	надзора	False	83.37%
глаз	органов_чувств, органы_чувств	органов_чувств	True	99.99%
глаз	рабдомер	рабдомера	False	99.99%
глаз	рефлекс	рефлекса	False	99.99%
глаз	сложного_органа	сложного_органа	True	99.99%
глаз	способность	способности	False	99.84%
год	английских_туристов	английских_туристов	False	99.96%
год	армия	армии	False	99.96%
год	армий	армий	False	99.99%
год	возраст	возраста	True	99.99%
год	время_года	времени_годов	False	99.99%
год	единица_измерения	единицы_измерений	True	99.99%
год	интерцикла	интерцикла	False	96.13%
год	мера_времени	меры_времени	True	99.99%
год	наводнения —	наводнения —	False	99.92%
год	наука	науки	False	99.98%
год	отдельного_разговора	отдельного_разговора	False	99.99%
год	период, периода, периодом	периода	True	99.99%
год	праздник	праздника	False	98.94%
год	пролетним	пролетнего	False	99.79%
год	промежуток_времени	промежутка_времени	True	99.99%
год	ровесник	ровесника	False	98.94%
год	сезон	сезона	False	99.96%
год	цзеци	цзеци	False	99.99%
голова	атемпоральное	атемпорального	False	99.98%
голова	величина	величины	True	90.04%
голова	детали_техники_удара_ногой	деталей_техников_удара_ноги	False	99.98%
голова	детёныш	детёныша	False	99.60%
голова	единица	единицы	False	99.22%
голова	кипик	кипика	False	99.98%
голова	контручение	контручения	False	99.98%
голова	круг	круга	False	99.98%
голова	лидер	лидера	False	64.46%
голова	ментальная_способность	ментальной_способности	False	99.99%
голова	место	места	False	99.22%
голова	мужчина	мужчины	False	99.85%
голова	объем	объёма	False	98.75%
голова	орган	органа	True	99.88%
голова	органы	органов	True	99.99%
голова	оружие	оружия	False	99.22%
голова	повязка	повязки	False	99.99%
голова	положение	положения	False	87.26%
голова	предмет	предмета	True	68.11%
голова	председатель	председателя	True	87.23%
голова	размер	размера	False	99.89%
голова	руководитель	руководителя	False	94.57%
голова	ряд	ряда	False	98.61%
голова	создание	создания	False	99.99%
голова	специальных_пунктов	специальных_пунктов	False	99.99%
голова	способность	способности	False	99.99%
голова	товар	товара	False	99.79%
голова	тэккэн	тэккэна	False	99.99%
голова	ум	ума	False	99.99%
голова	часть_тела	части_тел	True	99.99%
голова	человек	человека	False	99.13%
голова	число	числа	False	99.99%
голова	член	члена	False	99.97%
голос	веление	веления	False	64.68%
голос	взрывок	взрывка	False	99.98%
голос	выборы	выборов	True	79.04%
голос	громкий	громкого	True	99.02%
голос	дебют	дебюта	False	72.59%
голос	звук	звука	True	99.96%
голос	звуки	звуков	True	99.96%
голос	маломодулированный	маломодулированного	False	99.97%
голос	мелодия	мелодии	True	66.27%
голос	мелочи	мелочей	False	99.99%
голос	мелочь	мелочи	False	99.99%
голос	мнение	мнения	True	99.24%
голос	музыкальная_партия	музыкальной_партии	False	97.36%
голос	неопертый	неопёртого	False	99.99%
голос	обращение	обращения	True	84.86%
голос	обстоятельства	обстоятельств	False	99.99%
голос	однотональный	однотонального	True	92.04%
голос	партия	партии	True	76.38%
голос	позиция_по_вопросу	позиции_по_вопроса	False	91.94%
голос	понимание	понимания	True	83.46%
голос	признак	признака	False	99.99%
голос	странные_звуки	странных_звуков	True	99.44%
город	 топливно	 топливного	False	99.99%
город	вернакулярный	вернакулярного	False	99.48%
город	городское_поселение	городского_поселения	True	55.83%
город	дождь	дождя	False	99.97%
город	житель	жителя	False	99.99%
город	заведение	заведения	False	99.88%
город	имущество	имущества	False	99.08%
город	капля	капли	False	99.92%
город	места	мест	True	99.99%
город	место	места	True	99.99%
город	недвижимое_имущество	недвижимого_имущества	True	93.65%
город	образование	образования	False	66.82%
город	осадок	осадка	False	99.99%
город	погода	погоды	False	97.36%
город	поселение	поселения	True	99.99%
город	прекрасном_месте	прекрасного_места	True	94.28%
город	пункт	пункта	True	91.29%
город	сложных_условиях	сложных_условий	False	99.96%
город	стокгольм	стокгольма	False	99.99%
город	фактор	фактора	False	99.77%
господин	высокознатного	высокознатного	True	99.62%
господин	вышестоящий	вышестоящего	True	99.99%
господин	глава	главы	True	97.96%
господин	женералу	женералу	False	99.99%
господин	знатного_лица	знатного_лиц	True	99.96%
господин	ламуэн	ламуэна	False	99.99%
господин	лицо	лица	True	99.99%
господин	люди	людей	True	99.99%
господин	наименование	наименования	False	99.99%
господин	обращение_к_мужчине	обращения_к_мужчины	True	99.99%
господин	отношение	отношения	True	92.17%
господин	пиволюбец	пиволюбца	False	99.99%
господин	правитель	правителя	True	99.99%
господин	презрение	презрения	False	99.99%
господин	ревнователь	ревнователя	False	99.99%
господин	сговорчивым_человеком	сговорчивого_человека	False	99.99%
господин	сторона_вопроса	стороны_вопроса	False	99.99%
господин	существо	существа	False	50.06%
господин	титул	титула	True	99.99%
господин	хорошего_сына	хорошего_сына	False	99.95%
господин	человек, —	человек, —	True	99.99%
господин	человек_по_роли	человека_по_ролей	True	98.66%
господин	„аморальный	„аморального	False	99.95%
гость	городские_сановники	городских_сановников	False	99.92%
гость	иногородний	иногороднего	True	99.89%
гость	ирмурян	ирмуряна	False	99.95%
гость	кто-нибудь_со_стороны	кого-нибудь_со_сторон	False	69.74%
гость	купец	купца	False	94.28%
гость	машины_он	машиных_его	False	99.99%
гость	мелочах	мелочей	False	99.92%
гость	мелочь	мелочи	False	99.99%
гость	орган	органа	False	99.99%
гость	посторонний_человек	постороннего_человека	True	99.29%
гость	присутствовать	присутствующего	True	99.98%
гость	суперхороший	суперхорошего	False	99.64%
гость	хозяин	хозяина	False	99.64%
гость	чело­век	чело­века	True	99.99%
гость	человек, —	человек, —	True	99.98%
гость	человек —	человек —	True	99.99%
гость	человек_со_стороны	человека_со_сторон	True	99.98%
гость	читатель—	читатель—	False	99.64%
государство	альцидой	альциды	False	99.99%
государство	государства	государств	False	97.04%
государство	государственное	государственного	False	56.08%
государство	государственность	государственности	False	94.10%
государство	идеология	идеологии	False	97.39%
государство	махина, махину	махины	True	60.10%
государство	место	места	False	98.74%
государство	общественных_институтов	общественных_институтов	True	97.62%
государство	общность	общности	True	97.14%
государство	организация	организации	False	96.03%
государство	организации	организаций	False	96.03%
государство	политика	политики	True	98.31%
государство	правовое_образование	правового_образования	True	97.49%
государство	публичное_образование	публичного_образования	False	97.04%
государство	система	системы	True	99.71%
государство	социальные_институты, социальных_институтов	социальных_институтов	True	65.00%
государство	страна	страны	True	99.99%
государство	частные_спонсоры	частных_спонсоров	False	99.97%
гражданин	банкротство,	банкротства,	False	99.81%
гражданин	воин	воина	True	99.99%
гражданин	горожанин	горожанина	True	98.59%
гражданин	застраховалось	застраховавшегося	True	60.09%
гражданин	коммандитист	коммандитиста	False	99.66%
гражданин	лицо	лица	True	99.99%
гражданин	личность	личности	True	99.99%
гражданин	личностный	личностного	True	99.94%
гражданин	мдпч	мдпча	False	99.99%
гражданин	одолжившее	одолжившего	False	99.63%
гражданин	особа	особы	True	98.16%
гражданин	парень	парня	True	87.05%
гражданин	подданный	подданного	True	94.61%
гражданин	положения	положений	False	99.87%
гражданин	свободолюбивый_народ	свободолюбивого_народа	True	94.75%
гражданин	субъективные_права	субъективных_прав	False	99.87%
гражданин	частности	частностей	False	99.98%
граница	вековых_условностей	вековых_условностей	False	96.96%
граница	величина	величины	True	50.03%
граница	грань	грани	True	74.04%
граница	количество	количества	True	82.03%
граница	линейный	линейного	False	99.92%
граница	линия,[	линия,[	True	99.07%
граница	момент_времени	момента_времени	True	98.43%
граница	образ, образом	образа	True	89.92%
граница	отношение	отношения	False	97.36%
граница	профессорами-немарксистами	профессоров-немарксистов	False	99.99%
граница	пустяк	пустяка	False	99.95%
граница	суперзона	суперзоны	False	98.56%
граница	условность	условности	True	91.05%
граница	часть	части	True	98.43%
граница	черта	черты	False	99.81%
граница	– выделяется	– выделяющегося	False	97.50%
группа	групп	групп	False	99.93%
группа	группировка	группировки	True	97.36%
группа	заведение	заведения	False	99.94%
группа	изображение	изображения	False	99.99%
группа	литостратиграфическое_подразделение	литостратиграфического_подразделения	False	78.03%
группа	лупа	лупы	False	99.99%
группа	место	места	False	99.89%
группа	множество	множества	True	99.72%
группа	объединение	объединения	True	99.98%
группа	организация	организации	True	99.98%
группа	подгруппа	подгруппы	False	97.40%
группа	россиянин	россиянина	False	99.99%
группа	совокупность_людей	совокупности_людей	True	99.23%
группа	соединение	соединения	True	95.79%
группа	состав	состава	True	96.68%
группа	субъект_деятельности	субъекта_деятельностей	True	99.99%
группа	учреждение	учреждения	False	61.87%
группа	целое	целого	True	99.21%
группа	чело­век	чело­века	False	99.96%
группа	человек —	человек —	False	92.11%
группа	человек	человека	False	99.89%
данные	автолендом	автолендома	False	99.42%
данные	величина	величины	True	99.75%
данные	выражение	выражения	True	99.23%
данные	значение	значения	True	97.96%
данные	информация	информации	True	99.98%
данные	информации_eumetsat	информаций_eumetsat	False	58.67%
данные	информационный	информационного	True	99.98%
данные	количество	количества	False	93.14%
данные	материал	материала	True	73.80%
данные	микрофильмирована	микрофильмированной	False	99.98%
данные	наука	науки	False	99.95%
данные	образ	образа	False	99.95%
данные	перезапуски	перезапусков	False	99.85%
данные	помощь	помощи	False	99.50%
данные	сведения_о	сведений_о	True	94.75%
данные	сведение	сведения	True	99.99%
данные	соответствующие_материалы	соответствующих_материалов	True	99.98%
данные	структура	структуры	False	74.70%
данные	цифра	цифры	False	61.43%
дверь	вадиманианский	вадиманианского	False	99.99%
дверь	вход	входа	True	99.99%
дверь	деталь	детали	True	91.01%
дверь	дорога	дороги	False	98.18%
дверь	доска	доски	False	99.99%
дверь	доступ	доступа	True	99.78%
дверь	дыра	дыры	True	53.97%
дверь	зеркало	зеркала	False	99.99%
дверь	маскрибу	маскрибы	False	99.99%
дверь	материал	материала	False	99.96%
дверь	неожиданном_повороте_дел	неожиданного_поворота_дел	False	99.99%
дверь	остеопан	остеопана	False	99.99%
дверь	отверстие	отверстия	True	94.48%
дверь	повороте_дел	поворота_дел	False	99.99%
дверь	предмет	предмета	True	99.98%
дверь	предметов	предметов	True	99.98%
дверь	проем_в_стене	проёма_в_стены	True	99.96%
дверь	путь	пути	False	97.36%
дверь	строительные_конструкции	строительных_конструкций	True	99.96%
дверь	убежище	убежища	False	98.34%
движение	алгоритмизированный	алгоритмизированного	False	68.63%
движение	бумага	бумаги	False	99.99%
движение	возникновение	возникновения	False	91.40%
движение	возрастание	возрастания	True	94.04%
движение	грузопассажирский	грузопассажирского	False	99.94%
движение	действие	действия	True	99.99%
движение	документ	документа	False	99.97%
движение	езда	езды	True	81.39%
движение	изменение	изменения	True	99.99%
движение	мелочь	мелочи	False	99.99%
движение	механизм	механизма	True	94.54%
движение	общественная_деятельность	общественной_деятельности	True	72.25%
движение	перевозка	перевозки	True	99.92%
движение	перевозочная_деятельность	перевозочной_деятельности	False	99.81%
движение	перемещение	перемещения	True	99.99%
движение	политика_формирования_идентичности	политики_формирований_идентичностей	False	99.81%
движение	построение	построения	True	50.75%
движение	предмет	предмета	False	99.99%
движение	преобразование	преобразования	True	53.38%
движение	прием	приёма	False	98.81%
движение	провоз	провоза	False	85.31%
движение	психические_нарушения	психических_нарушений	False	99.43%
движение	развитие	развития	True	76.30%
движение	социальная_деятельность	социальной_деятельности	True	70.76%
движение	тотальная_политика_формирования_идентичности	тотальной_политики_формирований_идентичностей	False	99.43%
движение	транспортные_перевозки	транспортных_перевозок	True	98.53%
движение	увеличение	увеличения	False	92.48%
движение	уменьшение	уменьшения	False	88.77%
движение	упражнение	упражнения	True	98.68%
движение	усложнение	усложнения	False	98.74%
двор	,дома	,домов	False	99.64%
двор	антагонизм[	антагонизм[	False	99.99%
двор	военсовхоза	военсовхоза	False	93.68%
двор	дворик	дворика	False	99.99%
двор	дом_усадебного_типа	дома_усадебного_типа	False	99.44%
двор	дорога	дороги	False	58.62%
двор	единица	единицы	False	88.47%
двор	земельный_участок	земельного_участка	True	99.99%
двор	индивидуальное_жилье	индивидуального_жилья	False	99.54%
двор	места_отдыха	мест_отдыха	True	99.97%
двор	местообитании_мороев	местообитания_мороев	False	97.27%
двор	мотоцикла_с_коляской	мотоцикла_с_коляски	False	99.98%
двор	односемейный_дом	односемейного_дома	False	99.37%
двор	помещение	помещения	False	99.84%
двор	постройки	построек	True	99.99%
двор	постройка	постройки	True	88.73%
двор	садик	садика	False	98.77%
двор	сооружение	сооружения	False	99.50%
двор	усилится[	усилится[	False	99.98%
двор	феодализировалось	феодализировавшегося	False	99.99%
двор	хозяйственные_постройки	хозяйственных_построек	True	99.83%
девочка	давалка	давалки	False	62.90%
девочка	дамочка	дамочки	True	99.99%
девочка	девка	девки	True	60.33%
девочка	девушка	девушки	True	99.99%
девочка	девчонка	девчонки	False	90.46%
девочка	дети	детей	True	99.99%
девочка	детки	деток	True	97.88%
девочка	детский	детского	True	99.85%
девочка	дикобразихи	дикобразих	False	99.88%
девочка	дитя	дитяти	True	99.99%
девочка	кариим	кариим	False	99.92%
девочка	лицо,_не_достигшее_восемнадцатилетия	лица,_не_достигнувшего_восемнадцатилетий	True	73.44%
девочка	лучших_своих_рыцарей	наихороших_своих_рыцарей	False	99.95%
девочка	несовершеннолетние_дети	несовершеннолетних_детей	True	99.99%
девочка	праздников_души	праздников_душ	False	99.96%
девочка	ребенок, ребёнок	ребёнка	True	99.99%
девочка	родственник	родственника	True	99.80%
девочка	своих_рыцарей	своих_рыцарей	False	99.99%
девочка	слабостях	слабостей	False	99.99%
девочка	ценный_ресурс	ценного_ресурса	False	99.99%
девочка	чадо	чада	True	99.99%
девочка	эротичка	эротички	True	98.37%
девушка	длинные_были	длинных_былей	False	99.43%
девушка	женский_пол	женского_пол	True	99.99%
девушка	йиара	йиара	False	99.99%
девушка	ладной…	ладной…	False	98.49%
девушка	лицо	лица	True	99.97%
девушка	мелочь	мелочи	False	99.99%
девушка	неприбранное…	неприбранное…	False	99.91%
девушка	прекрасный_пол	прекрасного_пол	True	99.98%
девушка	прислужница	прислужницы	True	87.85%
девушка	пятерка	пятёрки	False	99.99%
девушка	пятерки	пятёрок	False	99.99%
девушка	санталат	санталата	False	99.95%
девушка	словенка…	словенка…	False	99.91%
девушка	у_парней	у_парней	False	99.96%
девушка	украшение	украшения	False	99.99%
девушка	утварь	утвари	False	99.98%
девушка	человек_женского_пола	человека_женского_полы	True	72.39%
действие	бумага	бумаги	False	99.85%
действие	вещь	вещи	True	50.75%
действие	взаимодействие	взаимодействия	False	63.56%
действие	внешние_факторы	внешних_факторов	False	99.93%
действие	воздействие	воздействия	False	91.07%
действие	вычисление	вычисления	False	98.82%
действие	деятельность	деятельности	True	99.99%
действие	документ	документа	False	99.99%
действие	изменение	изменения	True	93.42%
действие	наркотик	наркотика	False	99.13%
действие	наркотика	наркотики	False	94.63%
действие	обстоятельство	обстоятельства	True	52.42%
действие	операция	операции	True	99.96%
действие	параметр	параметра	False	99.99%
действие	перемещение	перемещения	False	92.72%
действие	показатель	показателя	False	99.96%
действие	поступок	поступка	False	71.52%
действие	применение	применения	False	70.53%
действие	противоядие	противоядия	False	96.45%
действие	процесс,_смена_состояний	процесса,_смены_состояний	True	99.99%
действие	проявление	проявления	True	97.35%
действие	работа	работы	True	84.97%
действие	роскошь	роскоши	False	99.99%
действие	свойство	свойства	True	50.75%
действие	сила	силы	False	99.94%
действие	смена_состояний	смены_состояний	True	99.45%
действие	снотворное	снотворного	False	99.99%
действие	событие,_факт	события,_факта	True	99.76%
действие	создание	создания	False	58.62%
действие	факт	факта	False	92.52%
действие	эрогенных_зон	эрогенных_зон	False	99.99%
действие	явление	явления	True	73.41%
дело	аспект	аспекта	False	75.01%
дело	делами_общества	дел_обществ	True	72.81%
дело	дельце	дельца	False	91.86%
дело	деятельность	деятельности	True	99.99%
дело	длящаяся_сущность	длящейся_сущности	False	99.44%
дело	квазивоенная	квазивоенной	False	99.96%
дело	конфликт	конфликта	False	99.99%
дело	конфликтный	конфликтного	False	99.99%
дело	конфликтовать	конфликтующего	False	99.99%
дело	конфронтация	конфронтации	False	99.98%
дело	людских_жилищ	людских_жилищ	False	99.97%
дело	общими_делами_общества	общих_дел_обществ	True	98.24%
дело	организация	организации	False	98.02%
дело	отрасль	отрасли	False	98.02%
дело	папка	папки	True	50.75%
дело	период	периода	False	99.90%
дело	подход	подхода	False	99.99%
дело	положение	положения	False	99.99%
дело	предмет	предмета	False	99.96%
дело	происходящая_сущность	происходящей_сущности	True	77.01%
дело	противоречие	противоречия	False	99.99%
дело	работа	работы	True	99.97%
дело	расхождение	расхождения	False	99.51%
дело	сердженса	сердженса	False	99.95%
дело	собрание	собрания	False	99.93%
дело	состав	состава	False	99.99%
дело	специальность	специальности	False	97.37%
дело	спор	спора	False	99.44%
дело	утверждение	утверждения	False	99.96%
дело	фактор	фактора	False	99.93%
дело	цикл	цикла	False	99.79%
деятельность	действие	действия	True	99.61%
договор	бумага	бумаги	True	94.58%
документ	бумага	бумаги	True	99.99%
жена	девочка	девочки	True	95.27%
жизнь	движение	движения	True	98.95%
жизнь	дело	дела	False	94.97%
завод	город	города	False	99.99%
задача	вопрос	вопроса	True	96.02%
значение	бумага	бумаги	False	99.99%
игра	вещь	вещи	False	97.44%
игра	война	войны	False	99.98%
игра	движение	движения	True	74.13%
игра	действие	действия	True	99.89%
игра	дело	дела	True	89.53%
изменение	дело	дела	True	76.71%
институт	дело	дела	False	99.99%
интерес	внимание	внимания	True	99.92%
интерес	время	времени	False	96.15%
искусство	дело	дела	True	68.33%
исследование	действие	действия	True	99.92%
качество	дело	дела	False	99.93%
класс	вариант	варианта	False	99.81%
класс	группа	группы	True	76.52%
культура	дело	дела	False	99.61%
мать	девушка	девушки	True	99.99%
мера	действие	действия	False	98.80%
месяц	время	времени	True	99.99%
мир	время	времени	False	98.03%
мнение	голос	голоса	False	97.09%
море	берег	берега	False	99.95%
мужчина	дело	дела	False	99.99%
направление	бумага	бумаги	False	99.99%
направление	действие	действия	True	95.88%
направление	дело	дела	False	99.99%
народ	государство	государства	True	75.96%
население	действие	действия	False	99.88%
наука	дело	дела	True	69.98%
начало	вещь	вещи	False	98.99%
начальник	власть	власти	True	99.99%
начальник	время	времени	False	99.99%
начальник	глава	главы	True	98.83%
небо	воздух	воздуха	False	94.42%
область	город	города	False	99.98%
область	дело	дела	False	99.37%
образ	вид	вида	False	51.99%
общество	время	времени	False	99.98%
общество	группа	группы	True	99.99%
объект	действие	действия	False	99.98%
окно	дверь	двери	False	99.99%
операция	бумага	бумаги	False	99.96%
операция	действие	действия	True	99.99%
операция	дело	дела	True	87.79%
опыт	действие	действия	False	96.00%
опыт	дело	дела	False	99.87%
организация	действие	действия	False	97.35%
организация	дело	дела	True	99.76%
основание	дело	дела	False	99.99%
ответ	движение	движения	False	99.99%
ответ	действие	действия	True	76.98%
ответ	дело	дела	False	96.20%
отношение	дело	дела	False	99.99%
партия	группа	группы	True	99.99%
период	группа	группы	False	98.08%
писатель	автор	автора	True	99.61%
политика	дело	дела	True	61.03%
половина	время	времени	False	62.28%
помощь	действие	действия	True	99.98%
помощь	дело	дела	False	76.16%
порядок	группа	группы	False	99.99%
порядок	действие	действия	True	64.44%
правительство	власть	власти	True	99.99%
правительство	время	времени	False	99.98%
предмет	действие	действия	False	99.92%
пример	действие	действия	False	99.37%
проблема	вопрос	вопроса	True	99.91%
производство	дело	дела	True	99.86%
процент	бумага	бумаги	False	99.90%
путь	дело	дела	False	99.99%
работа	вещь	вещи	False	94.56%
работа	дело	дела	True	98.12%
раз	дело	дела	False	99.70%
развитие	действие	действия	True	99.99%
разговор	действие	действия	True	87.72%
район	город	города	True	99.97%
решение	действие	действия	True	99.99%
роль	бумага	бумаги	False	99.99%
рынок	дело	дела	True	82.19%
ряд	дело	дела	False	99.96%
свет	вода	воды	False	99.99%
свобода	возможность	возможности	True	99.58%
ситуация	дело	дела	False	99.98%
служба	действие	действия	True	65.17%
служба	дело	дела	True	59.22%
событие	дело	дела	False	96.01%
создание	действие	действия	True	99.99%
создание	дело	дела	True	99.99%
состав	дело	дела	False	99.71%
состояние	группа	группы	False	99.97%
способ	действие	действия	True	82.33%
средство	вещь	вещи	False	87.61%
средство	действие	действия	True	70.20%
статья	бумага	бумаги	False	98.04%
статья	действие	действия	False	99.79%
статья	дело	дела	True	68.50%
стол	вещь	вещи	True	97.72%
сторона	взгляд	взгляда	True	98.06%
страна	государство	государства	True	99.99%
структура	данные	данных	True	98.71%
структура	дело	дела	True	50.56%
сцена	действие	действия	True	75.97%
сцена	дело	дела	False	79.02%
сын	бог	бога	False	99.90%
сын	брат	брата	False	69.46%
течение	вода	воды	False	92.11%
течение	действие	действия	False	89.50%
труд	дело	дела	True	99.99%
тысяча	время	времени	False	99.24%
тысяча	дело	дела	False	99.85%
угол	глаз	глаза	False	99.99%
улица	группа	группы	True	53.29%
участие	действие	действия	True	99.97%
участие	дело	дела	True	99.99%
федерация	государство	государства	True	99.99%
ход	движение	движения	True	99.99%
ход	действие	действия	True	99.99%
ход	дело	дела	True	78.92%
хозяин	глава	главы	True	98.75%
хозяин	господин	господина	True	99.98%
хозяин	гость	гостя	True	88.02%
центр	город	города	True	99.98%
церковь	вера	веры	True	98.38%
час	время	времени	True	99.98%
чувство	возможность	возможности	True	97.45%
экономика	дело	дела	False	99.10%
